{"cameraMode":{"drawMode":0,"name":"Shaded","section":"Shading Mode"},"sceneLighting":false,"audioPlay":false,"sceneViewState":{"m_AlwaysRefresh":false,"showFog":true,"showSkybox":true,"showFlares":true,"showImageEffects":true,"showParticleSystems":true,"showVisualEffectGraphs":true,"m_FxEnabled":true},"in2DMode":false,"pivot":{"x":24.825023651123048,"y":-0.34029197692871096,"z":-10.082971572875977},"rotation":{"x":0.00232882727868855,"y":0.9855860471725464,"z":-0.16867505013942719,"w":0.013616790995001793},"size":16.305606842041017,"orthographic":true}