{"cameraMode":{"drawMode":0,"name":"Shaded","section":"Shading Mode"},"sceneLighting":false,"audioPlay":false,"sceneViewState":{"m_AlwaysRefresh":false,"showFog":false,"showSkybox":false,"showFlares":false,"showImageEffects":false,"showParticleSystems":false,"showVisualEffectGraphs":true,"m_FxEnabled":true},"in2DMode":false,"pivot":{"x":0.006811976432800293,"y":0.9797062873840332,"z":0.2106541395187378},"rotation":{"x":-0.012980139814317227,"y":0.9743120670318604,"z":-0.2171688973903656,"w":-0.05823485180735588},"size":1.6003977060317994,"orthographic":false}